{"coco/bbox_mAP": 0.807, "coco/bbox_mAP_50": 0.97, "coco/bbox_mAP_75": 0.97, "coco/bbox_mAP_s": -1.0, "coco/bbox_mAP_m": -1.0, "coco/bbox_mAP_l": 0.807, "data_time": 0.47684493931857025, "time": 0.5280071822079745}