{"coco/AP": 0.7270411498099304, "coco/AP .5": 1.0, "coco/AP .75": 0.9406369208349407, "coco/AP (M)": -1.0, "coco/AP (L)": 0.7270411498099304, "coco/AR": 0.7785714285714286, "coco/AR .5": 1.0, "coco/AR .75": 0.9523809523809523, "coco/AR (M)": -1.0, "coco/AR (L)": 0.7785714285714286, "PCK": 0.9705215419501132, "AUC": 0.14081632653061224, "NME": 0.0403196546766493, "data_time": 1.4093563954035442, "time": 1.4664336840311687}