{"lr": 0.01, "data_time": 0.0008193016052246094, "loss": 2.194648969173431, "time": 0.0998122215270996, "epoch": 1, "iter": 100, "memory": 2964, "step": 100}
{"accuracy/top1": 64.07657623291016, "accuracy/top5": 90.42792510986328, "data_time": 0.015342388834272112, "time": 0.04769437653677804, "step": 1}
{"lr": 0.01, "data_time": 0.00035042762756347655, "loss": 1.3040219366550445, "time": 0.09898664951324462, "epoch": 2, "iter": 209, "memory": 2964, "step": 209}
{"accuracy/top1": 78.15315246582031, "accuracy/top5": 95.9459457397461, "data_time": 0.004908898781085837, "time": 0.03643927080877896, "step": 2}
{"lr": 0.01, "data_time": 0.0006098508834838867, "loss": 0.9676469653844834, "time": 0.0995483160018921, "epoch": 3, "iter": 318, "memory": 2964, "step": 318}
{"accuracy/top1": 80.51802062988281, "accuracy/top5": 95.60810852050781, "data_time": 0.0048275158323090655, "time": 0.036549707938884866, "step": 3}
{"lr": 0.01, "data_time": 0.00048065185546875, "loss": 1.1670366108417511, "time": 0.09914071559906006, "epoch": 4, "iter": 427, "memory": 2964, "step": 427}
{"accuracy/top1": 82.88288116455078, "accuracy/top5": 97.6351318359375, "data_time": 0.0052639369306893185, "time": 0.03686886820299872, "step": 4}
{"lr": 0.01, "data_time": 0.00043287277221679685, "loss": 1.1863599747419358, "time": 0.0993356704711914, "epoch": 5, "iter": 536, "memory": 2964, "step": 536}
{"accuracy/top1": 83.10810852050781, "accuracy/top5": 98.42342376708984, "data_time": 0.004708347649409853, "time": 0.0371138309610301, "step": 5}
{"lr": 0.01, "data_time": 0.00048143863677978515, "loss": 1.0641853541135788, "time": 0.09928433895111084, "epoch": 6, "iter": 645, "memory": 2964, "step": 645}
{"accuracy/top1": 82.43243408203125, "accuracy/top5": 97.86035919189453, "data_time": 0.005213926578390187, "time": 0.03689891716529583, "step": 6}
{"lr": 0.001, "data_time": 0.0005424737930297852, "loss": 1.2983608901500703, "time": 0.09953205585479737, "epoch": 7, "iter": 754, "memory": 2964, "step": 754}
{"accuracy/top1": 91.32882690429688, "accuracy/top5": 99.0990982055664, "data_time": 0.004968026588703024, "time": 0.036561604203849005, "step": 7}
{"lr": 0.001, "data_time": 0.0005152940750122071, "loss": 0.9247339248657227, "time": 0.09953467845916748, "epoch": 8, "iter": 863, "memory": 2964, "step": 863}
{"accuracy/top1": 91.89189147949219, "accuracy/top5": 99.21170806884766, "data_time": 0.005120869340567753, "time": 0.03655126177031418, "step": 8}
{"lr": 0.001, "data_time": 0.000531315803527832, "loss": 0.4466412737965584, "time": 0.09944300651550293, "epoch": 9, "iter": 972, "memory": 2964, "step": 972}
{"accuracy/top1": 91.89189147949219, "accuracy/top5": 99.43693542480469, "data_time": 0.005017699866459288, "time": 0.03677529302136651, "step": 9}
{"lr": 0.001, "data_time": 0.0004413127899169922, "loss": 1.067839840054512, "time": 0.09931838512420654, "epoch": 10, "iter": 1081, "memory": 2964, "step": 1081}
{"accuracy/top1": 92.56756591796875, "accuracy/top5": 99.54955291748047, "data_time": 0.004373155791183998, "time": 0.03607934096763874, "step": 10}
{"lr": 0.001, "data_time": 0.000598740577697754, "loss": 0.6269878685474396, "time": 0.09969511032104492, "epoch": 11, "iter": 1190, "memory": 2964, "step": 1190}
{"accuracy/top1": 93.3558578491211, "accuracy/top5": 99.54955291748047, "data_time": 0.005419591377521384, "time": 0.03691529405528102, "step": 11}
{"lr": 0.001, "data_time": 0.0005036592483520508, "loss": 0.7557844907045365, "time": 0.09949381351470947, "epoch": 12, "iter": 1299, "memory": 2964, "step": 1299}
{"accuracy/top1": 92.90540313720703, "accuracy/top5": 99.43693542480469, "data_time": 0.005116018755682583, "time": 0.03707457410878148, "step": 12}
{"lr": 0.0001, "data_time": 0.0005701303482055664, "loss": 0.7444660600274802, "time": 0.09962823390960693, "epoch": 13, "iter": 1408, "memory": 2964, "step": 1408}
{"accuracy/top1": 92.34233856201172, "accuracy/top5": 99.32432556152344, "data_time": 0.005096460210865942, "time": 0.03679552571526889, "step": 13}
{"lr": 0.0001, "data_time": 0.0006321430206298828, "loss": 0.9728253126144409, "time": 0.09987492561340332, "epoch": 14, "iter": 1517, "memory": 2964, "step": 1517}
{"accuracy/top1": 92.56756591796875, "accuracy/top5": 99.54955291748047, "data_time": 0.005323377148858432, "time": 0.03681490339081863, "step": 14}
{"lr": 0.0001, "data_time": 0.0005086183547973633, "loss": 0.7215044341981411, "time": 0.09935364723205567, "epoch": 15, "iter": 1626, "memory": 2964, "step": 1626}
{"accuracy/top1": 92.4549560546875, "accuracy/top5": 99.54955291748047, "data_time": 0.0048837086250042095, "time": 0.03658725475442821, "step": 15}
{"lr": 0.0001, "data_time": 0.0005083084106445312, "loss": 0.27487761825323104, "time": 0.09979469776153564, "epoch": 16, "iter": 1735, "memory": 2964, "step": 1735}
{"accuracy/top1": 92.22972869873047, "accuracy/top5": 99.54955291748047, "data_time": 0.006273458743917531, "time": 0.038136079393584155, "step": 16}
{"lr": 0.0001, "data_time": 0.0005790472030639648, "loss": 0.6101196795701981, "time": 0.09980273246765137, "epoch": 17, "iter": 1844, "memory": 2964, "step": 1844}
{"accuracy/top1": 92.56756591796875, "accuracy/top5": 99.54955291748047, "data_time": 0.004420855949664938, "time": 0.03587734288182752, "step": 17}
{"lr": 0.0001, "data_time": 0.0005421638488769531, "loss": 0.6864047795534134, "time": 0.09964580535888672, "epoch": 18, "iter": 1953, "memory": 2964, "step": 1953}
{"accuracy/top1": 92.79279327392578, "accuracy/top5": 99.43693542480469, "data_time": 0.005014066038460567, "time": 0.036568131940118195, "step": 18}
{"lr": 1e-05, "data_time": 0.0005342721939086914, "loss": 0.6181235618889331, "time": 0.09988765716552735, "epoch": 19, "iter": 2062, "memory": 2964, "step": 2062}
{"accuracy/top1": 93.13063049316406, "accuracy/top5": 99.54955291748047, "data_time": 0.004952274519821693, "time": 0.03645439805655644, "step": 19}
{"lr": 1e-05, "data_time": 0.0006526708602905273, "loss": 0.8005564317107201, "time": 0.1001903772354126, "epoch": 20, "iter": 2171, "memory": 2964, "step": 2171}
{"accuracy/top1": 92.68018341064453, "accuracy/top5": 99.54955291748047, "data_time": 0.004910575932469861, "time": 0.03625663395585685, "step": 20}
